97,0.518519,0.038462,-0.807692,,97,0.960576726
112,0.518519,0.038462,-0.807692,,112,0.960576726
117,0.518519,0.038462,-0.807692,,117,0.960576726
132,0.518519,0.038462,-0.769231,,132,0.928470576
137,0.555556,0.038462,-0.807692,,137,0.98106481
154,0.555556,0.038462,-0.807692,,154,0.98106481
157,0.555556,0.076923,-0.807692,,157,0.983323947
172,0.555556,0.038462,-0.846154,,172,1.012965146
177,0.555556,0.076923,-0.846154,,177,1.015153293
194,0.555556,0.038462,-0.846154,,194,1.012965146
199,0.555556,0.038462,-0.846154,,199,1.012965146
215,0.555556,0.038462,-0.846154,,215,1.012965146
219,0.555556,0.038462,-0.807692,,219,0.98106481
234,0.555556,0.038462,-0.807692,,234,0.98106481
239,0.555556,0.038462,-0.807692,,239,0.98106481
254,0.555556,0.038462,-0.807692,,254,0.98106481
269,0.518519,0.038462,-0.807692,,269,0.960576726
270,0.518519,0.038462,-0.846154,,270,0.993135374
285,0.518519,0.038462,-0.807692,,285,0.960576726
290,0.555556,0.076923,-0.807692,,290,0.983323947
305,0.555556,0.038462,-0.807692,,305,0.98106481
310,0.555556,0.076923,-0.846154,,310,1.015153293
335,0.555556,0.038462,-0.807692,,335,0.98106481
347,0.518519,0.038462,-0.807692,,347,0.960576726
354,0.518519,0.038462,-0.807692,,354,0.960576726
369,0.518519,0.038462,-0.807692,,369,0.960576726
371,0.518519,0.038462,-0.807692,,371,0.960576726
387,0.518519,0.038462,-0.807692,,387,0.960576726
391,0.555556,0.076923,-0.807692,,391,0.983323947
406,0.555556,0.038462,-0.807692,,406,0.98106481
411,0.555556,0.038462,-0.846154,,411,1.012965146
426,0.555556,0.076923,-0.846154,,426,1.015153293
431,0.518519,0.038462,-0.846154,,431,0.993135374
446,0.518519,0.038462,-0.807692,,446,0.960576726
451,0.518519,0.038462,-0.807692,,451,0.960576726
470,0.518519,0.038462,-0.807692,,470,0.960576726
472,0.555556,0.038462,-0.807692,,472,0.98106481
487,0.555556,0.038462,-0.807692,,487,0.98106481
492,0.555556,0.038462,-0.807692,,492,0.98106481
507,0.555556,0.038462,-0.807692,,507,0.98106481
514,0.518519,0.038462,-0.807692,,514,0.960576726
529,0.518519,-0.038462,-0.846154,,529,0.993135374
532,0.518519,0.038462,-0.807692,,532,0.960576726
547,0.518519,0.038462,-0.807692,,547,0.960576726
562,0.518519,0.076923,-0.807692,,562,0.962883933
564,0.518519,0.038462,-0.807692,,564,0.960576726
579,0.481481,0.076923,-0.807692,,579,0.943455069
584,0.481481,0.038462,-0.807692,,584,0.941100231
599,0.407407,0.038462,-0.769231,,599,0.871307133
604,0.333333,0.038462,-0.769231,,604,0.839229734
619,0.37037,0.038462,-0.5,,619,0.623420614
624,0.111111,-0.038462,-0.153846,,624,0.193632568
640,0.037037,0,0,,640,0.037037
654,0,0,0.038462,,654,0.038462
657,0,0,0,,657,0
672,0,0,0,,672,0
675,0.037037,0,0,,675,0.037037
690,0,0,0,,690,0
695,0,0,0,,695,0
710,0.037037,0,0,,710,0.037037
725,0,0,0,,725,0
726,0,0,0,,726,0
746,0,0,0,,746,0
762,0.037037,0,0,,762,0.037037
796,0,0,0,,796,0
797,0,0,0,,797,0
837,0.037037,0,0,,837,0.037037
854,0.037037,0,0,,854,0.037037
857,0.037037,0,0,,857,0.037037
872,0.037037,0,0,,872,0.037037
877,0.037037,0,0,,877,0.037037
892,0.037037,0,-0.038462,,892,0.053395363
897,0.037037,0,0,,897,0.037037
915,0.037037,0,-0.038462,,915,0.053395363
917,0.037037,0,0,,917,0.037037
987,0.037037,0,-0.038462,,987,0.053395363
1025,0.037037,0,-0.038462,,1025,0.053395363
1029,0.037037,0,-0.038462,,1029,0.053395363
1045,0.037037,-0.038462,-0.038462,,1045,0.065805701
1050,0.074074,0,-0.038462,,1050,0.083464261
1065,0.074074,-0.038462,-0.038462,,1065,0.091899991
1070,0.074074,-0.038462,-0.038462,,1070,0.091899991
1090,0.074074,0,0,,1090,0.074074
1110,0.074074,0,-0.038462,,1110,0.083464261
1125,0.074074,-0.038462,-0.038462,,1125,0.091899991
1130,0.074074,-0.038462,-0.038462,,1130,0.091899991
1145,0.074074,-0.038462,-0.038462,,1145,0.091899991
1165,0.111111,-0.038462,-0.038462,,1165,0.12371057
1180,0.111111,0,-0.038462,,1180,0.117579674
1181,0.111111,-0.038462,0,,1181,0.117579674
1196,0.111111,-0.038462,-0.038462,,1196,0.12371057
1201,0.111111,0,-0.038462,,1201,0.117579674
1217,0.111111,-0.038462,-0.038462,,1217,0.12371057
1242,0.111111,-0.038462,-0.038462,,1242,0.12371057
1276,0.148148,-0.038462,-0.038462,,1276,0.157817872
1294,0.148148,-0.038462,0,,1294,0.15305932
1295,0.148148,0,0,,1295,0.148148
1310,0.148148,0,0,,1310,0.148148
1327,0.148148,-0.038462,0,,1327,0.15305932
1374,0.148148,0,0.038462,,1374,0.15305932
1399,0.148148,0,0,,1399,0.148148
1404,0.148148,0,0,,1404,0.148148
1439,0.148148,-0.038462,0.038462,,1439,0.157817872
1454,0.148148,0,0.038462,,1454,0.15305932
1455,0.148148,-0.038462,0.038462,,1455,0.157817872
1470,0.148148,-0.038462,0.076923,,1470,0.17130179
1475,0.185185,-0.038462,0.038462,,1475,0.193008122
1490,0.185185,-0.038462,0.038462,,1490,0.193008122
1495,0.185185,-0.115385,0.038462,,1495,0.221554751
1510,0.185185,-0.038462,0.038462,,1510,0.193008122
1515,0.185185,-0.038462,0.038462,,1515,0.193008122
1530,0.185185,-0.038462,0.038462,,1530,0.193008122
1545,0.185185,-0.038462,0.038462,,1545,0.193008122
1546,0.185185,-0.038462,0.038462,,1546,0.193008122
1561,0.185185,-0.038462,0.038462,,1561,0.193008122
1566,0.185185,-0.038462,0,,1566,0.189137013
1586,0.185185,-0.038462,0,,1586,0.189137013
1601,0.185185,-0.038462,0,,1601,0.189137013
1616,0.185185,-0.038462,0,,1616,0.189137013
1632,0.185185,-0.076923,0,,1632,0.200525889
1637,0.185185,-0.038462,0,,1637,0.189137013
1655,0.185185,-0.038462,0,,1655,0.189137013
1656,0.222222,-0.038462,0,,1656,0.225525925
1677,0.185185,-0.076923,0,,1677,0.200525889
1692,0.222222,-0.076923,0,,1692,0.235159021
1697,0.185185,-0.076923,0.038462,,1697,0.204181188
1712,0.185185,-0.076923,0.038462,,1712,0.204181188
1727,0.185185,-0.076923,0.076923,,1727,0.214773788
1729,0.185185,-0.076923,0.076923,,1729,0.214773788
1749,0.222222,-0.115385,0.076923,,1749,0.261941718
1764,0.222222,-0.115385,0.076923,,1764,0.261941718
1769,0.185185,-0.115385,0.076923,,1769,0.231353259
1784,0.185185,-0.115385,0.115385,,1784,0.246821556
1789,0.185185,-0.115385,0.153846,,1789,0.266975231
1819,0.185185,-0.115385,0.153846,,1819,0.266975231
1820,0.185185,-0.115385,0.153846,,1820,0.266975231
1835,0.185185,-0.115385,0.153846,,1835,0.266975231
1840,0.222222,-0.115385,0.153846,,1840,0.293879069
1855,0.185185,-0.115385,0.153846,,1855,0.266975231
1860,0.185185,-0.115385,0.153846,,1860,0.266975231
1875,0.222222,-0.115385,0.153846,,1875,0.293879069
1880,0.222222,-0.115385,0.153846,,1880,0.293879069
1895,0.222222,-0.115385,0.115385,,1895,0.275699136
1901,0.222222,-0.076923,0.153846,,1901,0.28101309
1917,0.222222,-0.115385,0.153846,,1917,0.293879069
1921,0.222222,-0.076923,0.153846,,1921,0.28101309
1936,0.222222,-0.115385,0.153846,,1936,0.293879069
1941,0.222222,-0.115385,0.153846,,1941,0.293879069
1956,0.222222,-0.115385,0.153846,,1956,0.293879069
1961,0.222222,-0.115385,0.192308,,1961,0.315719309
1976,0.259259,-0.115385,0.153846,,1976,0.322796405
1991,0.296296,-0.076923,0.153846,,1991,0.342603356
1992,2,-1.576923,0.423077,,1992,2.581797881
2007,0.222222,3.576923,-0.076923,,2007,3.58464474
2012,-0.851852,-0.346154,-1,,2012,1.358482397
2042,-0.851852,-0.346154,-1,,2042,1.358482397
2044,0,-0.038462,0.038462,,2044,0.054393482
2057,-0.111111,0,0.076923,,2057,0.135139936
2072,0,0.038462,-0.076923,,2072,0.086002752
2076,0.037037,0.076923,0.115385,,2076,0.143536008
2091,-0.037037,0.038462,0.038462,,2091,0.065805701
2094,-0.074074,0,0,,2094,0.074074
2109,-0.074074,0,0.038462,,2109,0.083464261
2114,-0.037037,0,0,,2114,0.037037
2129,-0.037037,0,0.038462,,2129,0.053395363
2134,-0.037037,0,0.038462,,2134,0.053395363
2149,0,0,0.038462,,2149,0.038462
2164,0,0,0.038462,,2164,0.038462
2165,-0.037037,0,0,,2165,0.037037
2180,0,0,0.038462,,2180,0.038462
2185,0.037037,0.038462,0.038462,,2185,0.065805701
2201,-0.037037,0,0,,2201,0.037037
2205,0,0,0.038462,,2205,0.038462
2220,0,0,0,,2220,0
2225,0,0,0.038462,,2225,0.038462
2240,0,0,0,,2240,0
2255,0,0,0.038462,,2255,0.038462
2256,0,0,0.038462,,2256,0.038462
2271,0,0,0,,2271,0
2276,0,0,0,,2276,0
2291,0,0,0.038462,,2291,0.038462
2296,0,0,0.038462,,2296,0.038462
2311,0,0,0,,2311,0
2346,0,0.038462,0.038462,,2346,0.054393482
2347,0,0,0.038462,,2347,0.038462
2362,0,0.038462,0.038462,,2362,0.054393482
2367,0,0.038462,0.038462,,2367,0.054393482
2382,0.037037,0,0,,2382,0.037037
2387,0,0,0,,2387,0
2405,0,0,0,,2405,0
2407,0,0,0,,2407,0
2422,0,0,0.038462,,2422,0.038462
2442,0,0,0,,2442,0
2447,0,0,0,,2447,0
2462,0,0,0.038462,,2462,0.038462
2477,0,0.038462,0.038462,,2477,0.054393482
2479,0,0,0.038462,,2479,0.038462
2494,0,0.038462,0.038462,,2494,0.054393482
2499,0,0,0.038462,,2499,0.038462
2514,0,0,0.038462,,2514,0.038462
2529,0,0,0.038462,,2529,0.038462
2530,0,0,0.038462,,2530,0.038462
2549,0,0,0.038462,,2549,0.038462
2579,0,0,0.038462,,2579,0.038462
2595,0,0,0.038462,,2595,0.038462
2600,0,0,0.038462,,2600,0.038462
2616,0,0,0.038462,,2616,0.038462
2620,0,0,0.038462,,2620,0.038462
2635,0,0,0.038462,,2635,0.038462
2640,0,0,0.038462,,2640,0.038462
2655,0,0,0.038462,,2655,0.038462
2671,0,0,0.038462,,2671,0.038462
2687,0,0,0.038462,,2687,0.038462
2691,0.037037,0,0.038462,,2691,0.053395363
2711,0,0,0.038462,,2711,0.038462
2726,0,0,0.038462,,2726,0.038462
2731,0.037037,0,0.038462,,2731,0.053395363
2746,0,0,0.038462,,2746,0.038462
2752,0.037037,0.038462,0.038462,,2752,0.065805701
2767,0,0,0.038462,,2767,0.038462
2772,0.037037,0,0.038462,,2772,0.053395363
2792,0,0,0.038462,,2792,0.038462
2807,0,0,0.038462,,2807,0.038462
2812,0,0,0.038462,,2812,0.038462
2827,0,0,0.038462,,2827,0.038462
2834,0,0,0.076923,,2834,0.076923
2854,0,0,0.076923,,2854,0.076923
2881,0,0,0.076923,,2881,0.076923
2886,0,0,0.076923,,2886,0.076923
2921,0,0,0.076923,,2921,0.076923
2925,0.037037,0,0.076923,,2925,0.085374981
2941,0.037037,0,0.076923,,2941,0.085374981
2960,0.037037,0,0.076923,,2960,0.085374981
2965,0.037037,0,0.115385,,2965,0.121183487
2980,2.962963,-1.038462,3.769231,,2980,4.905573911
2995,2.666667,-2.230769,3.307692,,2995,4.798777926
2996,-0.333333,0.461538,-2.653846,,2996,2.714226742
3011,-0.407407,0.576923,-0.730769,,3011,1.016289301
3016,0,-0.115385,1.576923,,3016,1.581138781
3032,0,-0.115385,1.576923,,3032,1.581138781
3036,0.037037,0.115385,-0.269231,,3036,0.295246963
3051,0,0.076923,-0.461538,,3051,0.467904342
3056,-0.037037,0.038462,0.153846,,3056,0.162848569
3071,0.074074,-0.115385,0,,3071,0.137115483
3076,0,0.038462,0,,3076,0.038462
3091,0.037037,0,0.038462,,3091,0.053395363
3106,0,0,0,,3106,0
3109,0,0,0.038462,,3109,0.038462
3127,0.037037,0,0.038462,,3127,0.053395363
3142,0.037037,0,0,,3142,0.037037
3147,0,0,0,,3147,0
3164,0,0,0.038462,,3164,0.038462
3167,0,0,0.038462,,3167,0.038462
3182,0,0,0,,3182,0
3187,0,0,0.038462,,3187,0.038462
3202,0,0,0,,3202,0
3217,0,0,0.038462,,3217,0.038462
3219,0,0,0.038462,,3219,0.038462
3234,0,0,0.038462,,3234,0.038462
3239,0,0,0.038462,,3239,0.038462
3259,0.037037,0,0,,3259,0.037037
3279,0,0,0,,3279,0
3294,0.037037,0,0,,3294,0.037037
3299,0,0,0,,3299,0
3322,0,0,0,,3322,0
3324,0.037037,0,0.038462,,3324,0.053395363
3337,0.037037,0,0,,3337,0.037037
3340,0.037037,0,0,,3340,0.037037
3355,0.037037,0,0,,3355,0.037037
3360,0,0,0,,3360,0
3376,0.037037,0,0,,3376,0.037037
3380,0,0,0,,3380,0
3410,0.037037,0,0.038462,,3410,0.053395363
3411,0,0,0.038462,,3411,0.038462
3442,0.037037,0,0,,3442,0.037037
3459,0.037037,0,0.038462,,3459,0.053395363
3477,0.037037,0,0,,3477,0.037037
3481,0.037037,0,0.038462,,3481,0.053395363
3496,0.037037,0,0,,3496,0.037037
3511,0.037037,0.038462,0.038462,,3511,0.065805701
3516,2.962963,3.269231,2.730769,,3516,5.188845768
3531,4.074074,2.346154,2.153846,,3531,5.171225207
3532,1.259259,2.115385,-0.230769,,3532,2.4726183
3550,-1.925926,0.692308,-0.769231,,3550,2.186366313
3552,0.037037,1.576923,-0.692308,,3552,1.722599273
3567,0.037037,-0.153846,0.769231,,3567,0.785338565
3572,-0.111111,1.153846,-0.269231,,3572,1.190038477
3587,-0.555556,1.038462,-0.038462,,3587,1.178356958
3602,-0.37037,0.884615,0.076923,,3602,0.962099154
3604,-0.296296,0,-0.038462,,3604,0.298781936
3632,0.481481,-3.038461,-0.307692,,3632,3.091721781
3655,0.148148,0.461538,0.461538,,3655,0.669314934
3676,-0.148148,0.230769,0,,3676,0.274230125
3714,-0.111111,0.230769,0,,3714,0.256124942
3722,-0.111111,0.153846,-0.038462,,3722,0.193632568
3741,-0.185185,-0.269231,-0.153846,,3741,0.361175037
3742,-0.333333,-0.692308,-0.230769,,3742,0.802281489
3752,-0.518519,-0.961538,-0.269231,,3752,1.125123376
3762,-0.518519,-0.692308,-0.269231,,3762,0.90589053
3766,-0.444444,-0.346154,-0.192308,,3766,0.595260806
3782,-0.333333,0.038462,-0.153846,,3782,0.369132505
3786,-0.185185,0.423077,0.038462,,3786,0.463429561
3801,-0.148148,0.538462,-0.038462,,3801,0.559793248
3816,-0.185185,0.461538,-0.038462,,3816,0.498788668
3817,-0.185185,0.5,0.038462,,3817,0.534577225
3832,-0.666667,0.615385,0,,3832,0.907272609
3837,-3.37037,0.153846,-1.038462,,3837,3.530080148
3852,-3.888889,1.961538,-1.884615,,3852,4.745825816
3857,-3.518518,1.923077,-0.269231,,3857,4.018790788
3872,-2.592592,1.230769,-0.730769,,3872,2.961477493
3877,-1.518519,0.692308,-0.230769,,3877,1.684768427
3892,-0.777778,0.5,-0.038462,,3892,0.925428518
3907,-0.37037,0.269231,0,,3907,0.45788565
3909,-0.444444,0.346154,-0.076923,,3909,0.568568561
3925,-0.481481,0.576923,-0.115385,,3925,0.760248512
3940,-0.407407,0.846154,0,,3940,0.939125687
3941,-0.37037,0.807692,-0.038462,,3941,0.889392843
3956,-0.296296,0.653846,-0.038462,,3956,0.718877762
3959,-0.222222,0.538462,0,,3959,0.582515187
3975,-0.185185,0.538462,0,,3975,0.569416201
3979,-0.185185,0.653846,0.038462,,3979,0.680652188
3994,-0.111111,0.730769,0.038462,,3994,0.740167759
3999,-0.074074,0.730769,0.038462,,3999,0.735519962
4014,-0.037037,1.076923,0.115385,,4014,1.083719791
4020,-0.037037,1.076923,0.115385,,4020,1.083719791
4035,0.37037,1.884615,0.346154,,4035,1.951607088
4052,0.074074,0.961538,0.192308,,4052,0.983374115
4054,-0.111111,0.384615,-0.038462,,4054,0.402186124
4061,-0.111111,0.230769,0.076923,,4061,0.267426875
4076,0,0.307692,0.038462,,4076,0.310086588
4081,0.111111,0.346154,0.076923,,4081,0.371598431
4097,0.296296,0.615385,0.269231,,4097,0.734149405
4101,0.481481,1.076923,0.230769,,4101,1.202015571
4116,0.777778,1.230769,0.346154,,4116,1.496513796
4131,1.148148,1.576923,0.5,,4131,2.01368567
4132,1.074074,1.115385,0.384615,,4132,1.595508494
4149,0.296296,0.576923,0.038462,,4149,0.649700541
4152,0.296296,0.769231,0.230769,,4152,0.856015176
4167,1.666667,1.153846,1.384615,,4167,2.454851967
4172,3.592592,-1,1.038462,,4172,3.871061948
4187,3.296296,-1.038462,-0.461538,,4187,3.486687249
4192,1.259259,-0.307692,0.115385,,4192,1.30143048
4209,0.037037,0.423077,0.076923,,4209,0.431605184
4214,0.037037,-0.461538,0.307692,,4214,0.555934737
4230,0.148148,-0.961538,0.038462,,4230,0.973643919
4234,0.111111,-0.923077,0.076923,,4234,0.932916904
4249,0.074074,-0.576923,0,,4249,0.581658925
4254,0.037037,-0.346154,0.038462,,4254,0.350247993
4269,0,-0.230769,0,,4269,0.230769
4274,-0.037037,-0.269231,0,,4274,0.271766574
4289,0,-0.346154,0,,4289,0.346154
4294,0.037037,-0.423077,0,,4294,0.424695052
4309,0.037037,-0.576923,0,,4309,0.578110619
4324,0.074074,-0.730769,0,,4324,0.734513641
4325,0.074074,-0.884615,-0.038462,,4325,0.888543742
4340,0.074074,-1,-0.076923,,4340,1.005685888
4345,0.074074,-0.846154,-0.076923,,4345,0.852866166
4360,0.037037,-0.692308,-0.038462,,4360,0.694364048
4365,0.037037,-0.576923,-0.038462,,4365,0.579388654
4382,0,-0.576923,-0.038462,,4382,0.578203661
4385,0.037037,-0.769231,-0.076923,,4385,0.773954274
4400,-0.111111,-1.038462,-0.230769,,4400,1.069580904
4405,-0.185185,-1.115385,-0.269231,,4405,1.162266111
4420,-0.259259,-0.923077,-0.269231,,4420,0.995877356
4435,-0.259259,-0.769231,-0.192308,,4435,0.834214557
4437,-0.259259,-0.769231,-0.192308,,4437,0.834214557
4452,-0.222222,-0.730769,-0.192308,,4452,0.787647329
4456,-0.259259,-0.769231,-0.192308,,4456,0.834214557
4467,-0.296296,-0.846154,-0.192308,,4467,0.916924358
4480,-0.296296,-0.846154,-0.192308,,4480,0.916924358
4492,-0.333333,-0.769231,-0.192308,,4492,0.860121844
4496,-0.296296,-0.692308,-0.153846,,4496,0.768602809
4510,-0.259259,-0.576923,-0.115385,,4510,0.642937847
4516,-0.259259,-0.5,-0.115385,,4516,0.574916452
4531,-0.259259,-0.423077,-0.076923,,4531,0.502122022
4546,-0.259259,-0.384615,-0.076923,,4546,0.470171325
4547,-0.259259,-0.346154,-0.038462,,4547,0.434185613
4562,-0.259259,-0.346154,-0.038462,,4562,0.434185613
4567,-0.333333,-0.384615,-0.076923,,4567,0.514739483
4582,-0.407407,-0.423077,-0.115385,,4582,0.598571892
4587,-0.407407,-0.269231,-0.076923,,4587,0.494351032
4602,-0.481481,-0.230769,-0.038462,,4602,0.53531076
4617,-0.777778,-0.346154,-0.153846,,4617,0.865118374
4619,-1.111111,-0.307692,-0.115385,,4619,1.158687067
4634,-1.148148,0.038462,-0.076923,,4634,1.15136454
4637,-2.62963,-0.192308,0.269231,,4637,2.650362548
4652,-2.851852,0.692308,-0.192308,,4652,2.940974764
4667,-1.740741,0.884615,0.384615,,4667,1.990138595
4669,-1.37037,0.423077,0.076923,,4669,1.436253889
4684,-0.888889,0.461538,0.115385,,4684,1.00819377
4689,-2.222222,1.038462,0.269231,,4689,2.46762219
4704,-1.962963,1.923077,0.153846,,4704,2.752293131
4709,-0.851852,0.576923,0,,4709,1.028830393
4724,-0.333333,0.269231,0.038462,,4724,0.430204074
4729,-0.296296,0.384615,0.153846,,4729,0.509302081
4744,-0.555556,0.730769,0.038462,,4744,0.918773708
4749,-0.703704,1,0.115385,,4749,1.228215379
4767,-0.555556,0.884615,0.076923,,4767,1.047426998
4769,-0.444444,0.769231,0.076923,,4769,0.891719658
4784,-0.37037,0.653846,0.038462,,4784,0.752441263
4799,-0.37037,0.692308,0.076923,,4799,0.788911561
4800,-0.37037,0.807692,0.076923,,4800,0.891884214
4815,-0.37037,0.884615,0.115385,,4815,0.965935471
4820,-0.333333,0.884615,0.076923,,4820,0.948457556
4836,-0.296296,0.884615,0.076923,,4836,0.936083418
4840,-0.296296,0.807692,0.076923,,4840,0.863756236
4856,-0.259259,0.807692,0.076923,,4856,0.85176214
4860,-0.259259,0.846154,0.115385,,4860,0.892471579
4875,-0.259259,0.923077,0.115385,,4875,0.965712211
4880,-0.222222,1.038462,0.153846,,4880,1.073058495
4895,-0.185185,1.038462,0.192308,,4895,1.072230934
4910,-0.148148,1,0.192308,,4910,1.029043341
4911,-0.148148,0.923077,0.230769,,4911,0.962950315
4926,-0.111111,0.961538,0.307692,,4926,1.015664978
4931,-0.111111,0.961538,0.307692,,4931,1.015664978
4946,-0.074074,0.923077,0.269231,,4946,0.964387597
4951,-0.074074,0.884615,0.269231,,4951,0.927640009
4966,-0.037037,0.884615,0.307692,,4966,0.937331214
4971,-0.074074,0.923077,0.307692,,4971,0.975823997
4986,-0.037037,1,0.307692,,4986,1.046922206
5002,0,0.961538,0.346154,,5002,1.021948099
5004,0.037037,0.884615,0.307692,,5004,0.937331214
5019,0.037037,0.884615,0.307692,,5019,0.937331214
5022,0.111111,1.153846,0.346154,,5022,1.20976396
5040,0.111111,1.153846,0.346154,,5040,1.20976396
5042,0.222222,1,0.307692,,5042,1.069605995
5059,0.185185,0.769231,0.230769,,5059,0.824174828
5062,0.222222,0.769231,0.230769,,5062,0.833278633
5077,0.259259,0.923077,0.269231,,5077,0.995877356
5082,0.296296,1,0.307692,,5082,1.087412381
5099,0.296296,0.961538,0.307692,,5099,1.05215066
5102,0.296296,0.846154,0.307692,,5102,0.947861951
5117,0.296296,0.769231,0.269231,,5117,0.867175289
5132,0.296296,0.807692,0.307692,,5132,0.913691443
5134,0.333333,0.807692,0.307692,,5134,0.926364735
5149,0.37037,0.884615,0.346154,,5149,1.019578455
5154,0.37037,0.846154,0.307692,,5154,0.97356299
5169,0.37037,0.769231,0.307692,,5169,0.90750462
5174,0.407407,0.730769,0.307692,,5174,0.891447229
5189,0.444444,0.730769,0.307692,,5189,0.908970939
5194,0.481481,0.769231,0.307692,,5194,0.958235176
5210,0.703704,1.076923,0.5,,5210,1.380203778
5215,1,1.192308,0.653846,,5215,1.687931562
5230,0.888889,0.807692,0.461538,,5230,1.286665204
5235,0.481481,0.576923,0.269231,,5235,0.798216407
5250,0.259259,0.346154,0.153846,,5250,0.459027682
5255,0.592593,0.538462,0.461538,,5255,0.924188895
5270,1.444444,0.884615,1.038462,,5270,1.986797799
5275,2.259259,0.5,1.153846,,5275,2.585655008
5292,2.777778,-0.192308,0.384615,,5292,2.810864935
5296,1.703704,-0.384615,0.461538,,5296,1.806530748
5311,0.814815,-0.038462,0.153846,,5311,0.830103247
5316,0.296296,0.038462,0.153846,,5316,0.336064334
5331,0.259259,-0.423077,0.269231,,5331,0.56453052
5336,0.62963,-1.461538,0.346154,,5336,1.628603652
5351,0.703704,-1.153846,-0.076923,,5351,1.353690164
5356,0.222222,-0.538462,0.115385,,5356,0.593833008
5371,0.111111,-0.615385,0.038462,,5371,0.626517101
5376,0.111111,-0.692308,0.038462,,5376,0.702221722
5392,0.111111,-0.730769,0.038462,,5392,0.740167759
5397,0.148148,-0.730769,0,,5397,0.745634737
5412,0.148148,-0.769231,0,,5412,0.783367194
5417,0.148148,-0.807692,0,,5417,0.821166364
5432,0.148148,-0.846154,0,,5432,0.859025274
5437,0.148148,-0.846154,-0.038462,,5437,0.859885892
5452,0.148148,-0.846154,-0.038462,,5452,0.859885892
5457,0.148148,-0.846154,-0.038462,,5457,0.859885892
5472,0.148148,-0.846154,-0.038462,,5472,0.859885892
5487,0.148148,-0.884615,-0.038462,,5487,0.897758795
5489,0.148148,-0.923077,-0.038462,,5489,0.935680663
5504,0.148148,-0.884615,-0.076923,,5504,0.900227014
5509,0.148148,-0.884615,-0.115385,,5509,0.904325841
5524,0.148148,-0.846154,-0.115385,,5524,0.866739938
5529,0.148148,-0.846154,-0.115385,,5529,0.866739938
5549,0.148148,-0.807692,-0.153846,,5549,0.835453642
5564,0.148148,-0.769231,-0.153846,,5564,0.79833123
5579,0.222222,-0.807692,-0.192308,,5579,0.859494823
5580,0.222222,-0.730769,-0.230769,,5580,0.797909945
5595,0.222222,-0.692308,-0.230769,,5595,0.762841606
5600,0.222222,-0.615385,-0.230769,,5600,0.693783574
5615,0.259259,-0.615385,-0.230769,,5615,0.706518406
5620,0.296296,-0.653846,-0.269231,,5620,0.766675448
5635,0.333333,-0.653846,-0.269231,,5635,0.781735769
5640,0.407407,-0.692308,-0.346154,,5640,0.874696189
5655,0.62963,-0.807692,-0.5,,5655,1.139649202
5670,0.518519,-0.461538,-0.269231,,5670,0.744556653
5671,0.407407,-0.307692,-0.192308,,5671,0.54556136
5687,0.62963,-0.269231,-0.307692,,5687,0.750728736
5691,1.111111,-0.384615,-0.538462,,5691,1.29322762
5706,1.185185,-0.192308,-0.461538,,5706,1.286337116
5711,1.518519,0.115385,-0.615385,,5711,1.642532298
5726,1.666667,0.307692,-0.423077,,5726,1.746839261
5731,1.444444,0.538462,-0.538462,,5731,1.632881233
5746,1.259259,0.538462,-0.346154,,5746,1.412620666
5761,1.62963,1,-0.5,,5761,1.976282859
5762,1.481481,1.153846,-0.269231,,5762,1.89700603
5777,1.037037,0.730769,-0.192308,,5777,1.283141238
5782,0.518519,0.346154,-0.153846,,5782,0.642147286
5797,0.37037,0.461538,-0.038462,,5797,0.593018202
5802,0.592593,0.576923,-0.076923,,5802,0.830616494
5817,0.888889,0.884615,-0.115385,,5817,1.259357396
5822,1.074074,1.307692,-0.076923,,5822,1.693992465
5837,0.703704,0.769231,-0.076923,,5837,1.045386435
5852,0.444444,0.538462,-0.038462,,5852,0.699250399
5854,0.555556,0.730769,0,,5854,0.9179683
5882,0.666667,0.961538,0,,5882,1.170042826
5884,0.62963,0.884615,0,,5884,1.085807366
5897,0.518519,0.769231,0,,5897,0.927673587
5912,0.555556,0.846154,0,,5912,1.012234687
5915,0.555556,0.884615,0.038462,,5915,1.045306411
5930,0.555556,0.846154,0.038462,,5930,1.012965146
5935,0.518519,0.807692,0.038462,,5935,0.960576726
5952,0.518519,0.807692,0.038462,,5952,0.960576726
5955,0.555556,0.846154,0.038462,,5955,1.012965146
5970,0.555556,0.846154,0.038462,,5970,1.012965146
5975,0.555556,0.807692,0.038462,,5975,0.98106481
5991,0.592593,0.807692,0.038462,,5991,1.002502946
5996,0.62963,0.846154,0.038462,,5996,1.055409804
6011,0.62963,0.807692,0.038462,,6011,1.024831513
6016,0.666667,0.807692,0,,6016,1.047287571
6031,0.703704,0.807692,0,,6031,1.071244924
6036,0.740741,0.769231,0,,6036,1.067901475
6052,0.740741,0.769231,0,,6052,1.067901475
6056,0.888889,0.769231,0.038462,,6056,1.176145957
6071,0.703704,0.615385,0,,6071,0.934825127
6076,0.703704,0.538462,0.038462,,6076,0.886915988
6091,0.703704,0.538462,0,,6091,0.886081624
6097,0.851852,0.576923,-0.038462,,6097,1.029549078
6112,1.333333,0.807692,-0.076923,,6112,1.560788392
6117,1.888889,0.692308,-0.153846,,6117,2.017637384
6132,1.814815,0.461538,-0.269231,,6132,1.891839354
6137,1.444444,0.192308,-0.115385,,6137,1.461750503
6152,0.888889,0.153846,-0.115385,,6152,0.909453652
6157,1,-0.038462,-0.115385,,6157,1.007369358
6172,1.259259,-0.384615,-0.115385,,6172,1.321732055
6177,1.111111,-0.615385,-0.115385,,6177,1.275374475
6192,0.740741,-0.346154,-0.115385,,6192,0.825732111
6197,0.518519,-0.423077,-0.076923,,6197,0.673626936
6212,0.592593,-0.615385,-0.115385,,6212,0.862078222
6227,0.62963,-0.769231,-0.076923,,6227,0.997029296
6229,0.481481,-0.653846,-0.038462,,6229,0.812907049
6244,0.333333,-0.615385,-0.038462,,6244,0.700920047
6249,0.37037,-0.692308,-0.038462,,6249,0.786093906
6264,0.37037,-0.807692,-0.038462,,6264,0.889392843
6269,0.333333,-0.846154,-0.038462,,6269,0.910256451
6284,0.296296,-0.846154,-0.038462,,6284,0.897355691
6289,0.259259,-0.807692,0,,6289,0.848281555
6304,0.222222,-0.769231,0,,6304,0.800686548
6319,0.222222,-0.769231,0,,6319,0.800686548
6320,0.222222,-0.807692,0,,6320,0.837704592
6335,0.259259,-0.807692,0,,6335,0.848281555
6340,0.259259,-0.807692,0,,6340,0.848281555
6357,0.296296,-0.769231,0,,6357,0.824322541
6360,0.296296,-0.769231,0,,6360,0.824322541
6375,0.333333,-0.769231,-0.038462,,6375,0.839229734
6380,0.37037,-0.769231,-0.038462,,6380,0.854616636
6395,0.407407,-0.730769,-0.038462,,6395,0.837545892
6411,0.481481,-0.692308,-0.038462,,6411,0.84415262
6412,0.555556,-0.692308,-0.038462,,6412,0.888488695
6427,0.518519,-0.538462,-0.038462,,6427,0.748520276
6431,0.62963,-0.538462,-0.076923,,6431,0.832041111
6446,0.888889,-0.538462,-0.038462,,6446,1.039973223
6451,1,-0.5,0,,6451,1.118033989
6466,0.777778,-0.307692,-0.038462,,6466,0.837312552
6471,0.740741,-0.153846,0,,6471,0.756548624
6486,1,-0.115385,-0.038462,,6486,1.007369358
6501,1.481481,0.038462,-0.038462,,6501,1.482479209
6502,1.62963,0.230769,0.038462,,6502,1.646337631
6517,1.333333,0.384615,0.038462,,6517,1.388230857
6522,1.222222,0.461538,0.076923,,6522,1.308724987
6537,1.444444,0.653846,0.115385,,6537,1.589731663
6542,1.62963,1.076923,0.307692,,6542,1.977405232
6557,1.037037,0.615385,0.153846,,6557,1.215653334
6562,0.555556,0.384615,0.115385,,6562,0.685481484
6577,0.555556,0.461538,0.115385,,6577,0.731418822
6592,0.814815,0.653846,0.192308,,6592,1.06227136
6594,0.925926,0.730769,0.230769,,6594,1.201922052
6609,0.777778,0.653846,0.192308,,6609,1.034135183
6614,0.703704,0.576923,0.153846,,6614,0.922880306
6629,0.703704,0.615385,0.153846,,6629,0.947399921
6634,0.777778,0.692308,0.192308,,6634,1.058872679
6651,0.851852,0.769231,0.192308,,6651,1.163765667
6655,0.777778,0.692308,0.153846,,6655,1.052567136
6670,0.703704,0.615385,0.153846,,6670,0.947399921
6675,0.740741,0.692308,0.153846,,6675,1.025502895
6690,0.777778,0.730769,0.153846,,6690,1.078253468
6695,0.777778,0.692308,0.115385,,6695,1.047636713
6710,0.777778,0.653846,0.115385,,6710,1.022627453
6715,0.777778,0.653846,0.076923,,6715,1.019004591
6730,0.777778,0.653846,0.076923,,6730,1.019004591
6735,0.777778,0.615385,0.076923,,6735,0.994763521
6750,0.814815,0.615385,0.076923,,6750,1.023982095
6765,0.814815,0.615385,0.076923,,6765,1.023982095
6766,0.814815,0.615385,0.038462,,6766,1.021812854
6781,0.814815,0.615385,0.038462,,6781,1.021812854
6786,0.814815,0.576923,0,,6786,0.998380505
6801,0.814815,0.538462,-0.038462,,6801,0.977417073
6806,1,0.576923,-0.038462,,6806,1.155127471
6822,1.37037,0.653846,-0.076923,,6822,1.520311046
6826,1.555556,0.5,-0.153846,,6826,1.641165153
6841,1.296296,0.384615,-0.115385,,6841,1.357065111
6856,1.111111,0.192308,-0.115385,,6856,1.133518292
6857,1.111111,0.076923,-0.153846,,6857,1.124345763
6872,1,0.038462,-0.153846,,6872,1.012495885
6877,0.962963,-0.076923,-0.115385,,6877,0.972897007
6892,1.148148,-0.307692,-0.192308,,6892,1.204118168
6897,1.074074,-0.538462,-0.230769,,6897,1.223450291
6912,0.814815,-0.384615,-0.153846,,6912,0.914068255
6917,0.555556,-0.346154,-0.115385,,6917,0.664664396
6934,0.62963,-0.576923,-0.192308,,6934,0.875360755
6939,0.592593,-0.615385,-0.230769,,6939,0.88494039
6954,0.555556,-0.615385,-0.230769,,6954,0.860578584
6959,0.518519,-0.576923,-0.230769,,6959,0.809293786
6974,0.481481,-0.576923,-0.230769,,6974,0.78607788
6979,0.444444,-0.615385,-0.269231,,6979,0.805428146
6994,0.481481,-0.653846,-0.269231,,6994,0.855467052
6999,0.481481,-0.692308,-0.269231,,6999,0.885211642
7014,0.481481,-0.692308,-0.269231,,7014,0.885211642
7029,0.481481,-0.653846,-0.269231,,7029,0.855467052
7030,0.481481,-0.653846,-0.269231,,7030,0.855467052
7045,0.481481,-0.653846,-0.269231,,7045,0.855467052
7050,0.518519,-0.653846,-0.230769,,7050,0.865812264
7067,0.518519,-0.653846,-0.230769,,7067,0.865812264
7070,0.518519,-0.615385,-0.192308,,7070,0.827371149
7085,0.555556,-0.615385,-0.192308,,7085,0.851071991
7090,0.555556,-0.576923,-0.192308,,7090,0.823689859
7105,0.555556,-0.576923,-0.192308,,7105,0.823689859
7120,0.666667,-0.538462,-0.153846,,7120,0.870663429
7121,0.703704,-0.461538,-0.153846,,7121,0.855502915
7136,0.777778,-0.461538,-0.153846,,7136,0.917400967
7141,0.814815,-0.384615,-0.153846,,7141,0.914068255
7162,0.814815,-0.346154,-0.153846,,7162,0.898562556
7164,0.851852,-0.269231,-0.115385,,7164,0.900805672
7177,1.037037,-0.192308,-0.153846,,7177,1.065878369
7182,1.37037,-0.076923,-0.192308,,7182,1.385934144
7197,1.185185,0.038462,-0.153846,,7197,1.195747215
7202,0.851852,0.076923,-0.076923,,7202,0.858770124
7217,0.888889,0.192308,-0.076923,,7217,0.912701029
7222,1.259259,0.307692,-0.153846,,7222,1.305402692
7237,1.444444,0.5,-0.115385,,7237,1.532883612
7242,1.259259,0.461538,-0.076923,,7242,1.34337921
7257,1.074074,0.461538,-0.038462,,7257,1.169671581
7262,1.074074,0.653846,0,,7262,1.257437692
7277,1,0.615385,0,,7277,1.174180011
7292,0.851852,0.538462,0.038462,,7292,1.008500114
7294,0.777778,0.538462,0.038462,,7294,0.946762519
7309,0.814815,0.576923,0.076923,,7309,1.001339493
7314,0.888889,0.615385,0.076923,,7314,1.083854003
7329,0.888889,0.615385,0.076923,,7329,1.083854003
7334,0.814815,0.576923,0.076923,,7334,1.001339493
7349,0.814815,0.576923,0.076923,,7349,1.001339493
7354,0.851852,0.576923,0.076923,,7354,1.031702053
7369,0.851852,0.576923,0.076923,,7369,1.031702053
7374,0.851852,0.576923,0.076923,,7374,1.031702053
7389,0.814815,0.538462,0.076923,,7389,0.979684621
7404,0.851852,0.538462,0.076923,,7404,1.010697929
7405,0.888889,0.576923,0.076923,,7405,1.062488094
7420,1,0.615385,0.076923,,7420,1.176697007
7425,1.148148,0.538462,0,,7425,1.268142403
7440,1.259259,0.5,0,,7440,1.354892331
7445,1.222222,0.384615,-0.038462,,7445,1.28188714
7460,1.037037,0.269231,-0.038462,,7460,1.07210559
7465,1.074074,0.192308,-0.038462,,7465,1.091831786
7480,1.185185,0.115385,-0.076923,,7480,1.193270435
7495,1.185185,0,-0.076923,,7495,1.187678674
7496,1.074074,-0.038462,-0.038462,,7496,1.075450421
7511,1,-0.153846,-0.038462,,7511,1.012495885
7516,1,-0.269231,0,,7516,1.035608677
7531,0.888889,-0.346154,-0.038462,,7531,0.954686111
7536,0.814815,-0.346154,0,,7536,0.885294344
7551,0.777778,-0.423077,0,,7551,0.885399777
7556,0.740741,-0.423077,0,,7556,0.853048285
7571,0.703704,-0.423077,0,,7571,0.82109285
7586,0.703704,-0.461538,0,,7586,0.841556086
7587,0.703704,-0.5,0,,7587,0.86324928
7602,0.777778,-0.615385,0,,7602,0.991784914
7607,0.703704,-0.576923,0,,7607,0.90996674
7624,0.592593,-0.5,0,,7624,0.775349253
7627,0.592593,-0.576923,0,,7627,0.827046922
7642,0.62963,-0.653846,0,,7642,0.907716106
7647,0.592593,-0.615385,0.038462,,7647,0.855186814
7665,0.555556,-0.576923,0.038462,,7665,0.801849077
7667,0.62963,-0.538462,0.038462,,7667,0.829369995
7682,0.666667,-0.538462,0.038462,,7682,0.857826054
7697,0.740741,-0.538462,0.076923,,7697,0.918997118
7699,0.777778,-0.538462,0.076923,,7699,0.949103309
7714,0.777778,-0.5,0.115385,,7714,0.931800577
7719,0.740741,-0.423077,0.115385,,7719,0.860816517
7734,0.703704,-0.384615,0.115385,,7734,0.810210908
7739,0.703704,-0.384615,0.115385,,7739,0.810210908
7754,0.777778,-0.384615,0.153846,,7754,0.881212748
7759,0.851852,-0.384615,0.192308,,7759,0.954234193
7774,0.851852,-0.346154,0.192308,,7774,0.939391712
7789,0.851852,-0.269231,0.230769,,7789,0.92270878
7790,0.888889,-0.192308,0.269231,,7790,0.948467897
7805,1,-0.115385,0.307692,,7805,1.05261012
7810,1.148148,-0.038462,0.346154,,7810,1.199810713
7825,1.185185,0.076923,0.384615,,7825,1.248402712
7830,1.074074,0.153846,0.346154,,7830,1.138914457
7845,1,0.192308,0.307692,,7845,1.063793558
7850,1.037037,0.307692,0.346154,,7850,1.135756443
7865,1.074074,0.384615,0.384615,,7865,1.203948651
7880,1.074074,0.423077,0.384615,,7880,1.21678174
7881,1,0.461538,0.346154,,7881,1.154486863
7896,1,0.538462,0.384615,,7896,1.199112181
7901,0.888889,0.5,0.307692,,7901,1.06526899
7916,0.814815,0.461538,0.307692,,7916,0.985705421
7921,0.851852,0.5,0.307692,,7921,1.034565704
7939,0.888889,0.5,0.307692,,7939,1.06526899
7941,0.851852,0.5,0.307692,,7941,1.034565704
7956,0.851852,0.5,0.307692,,7956,1.034565704
7971,0.888889,0.538462,0.307692,,7971,1.083853932
7972,0.962963,0.5,0.307692,,7972,1.127817408
7987,1,0.423077,0.307692,,7987,1.128569233
7992,1.037037,0.384615,0.307692,,7992,1.148063066
8007,1.037037,0.346154,0.307692,,8007,1.135756443
8012,1,0.307692,0.307692,,8012,1.090572663
8027,1.037037,0.230769,0.307692,,8027,1.106062583
8042,1.074074,0.192308,0.307692,,8042,1.133707057
8044,1.074074,0.115385,0.307692,,8044,1.123219935
8059,1.037037,0.038462,0.269231,,8059,1.07210559
8064,1.037037,-0.038462,0.230769,,8064,1.063098959
8080,1.037037,-0.038462,0.230769,,8080,1.063098959
8084,1.037037,-0.230769,0.230769,,8084,1.087177263
8099,0.925926,-0.269231,0.153846,,8099,0.9764696
8104,0.814815,-0.269231,0.153846,,8104,0.871824184
8121,0.777778,-0.307692,0.115385,,8121,0.844349858
8124,0.814815,-0.346154,0.115385,,8124,0.892782042
8139,0.814815,-0.384615,0.115385,,8139,0.908386416
8154,0.777778,-0.384615,0.076923,,8154,0.871082352
8155,0.777778,-0.384615,0.076923,,8155,0.871082352
8170,0.777778,-0.423077,0.076923,,8170,0.888735007
8175,0.777778,-0.423077,0.038462,,8175,0.886234783
8190,0.777778,-0.461538,0.038462,,8190,0.905226639
8195,0.777778,-0.423077,0.038462,,8195,0.886234783
8210,0.740741,-0.423077,0,,8210,0.853048285
8225,0.777778,-0.423077,0.038462,,8225,0.886234783
8226,0.777778,-0.423077,0,,8226,0.885399777
8241,0.777778,-0.423077,0,,8241,0.885399777
8246,0.777778,-0.384615,0,,8246,0.86767927
8261,0.814815,-0.384615,0,,8261,0.901028403
8266,0.814815,-0.346154,0,,8266,0.885294344
8281,0.851852,-0.346154,0,,8281,0.919496831
8286,0.851852,-0.307692,0,,8286,0.905718608
8301,0.888889,-0.269231,0,,8301,0.928767455
8316,0.925926,-0.192308,0,,8316,0.945685637
8317,0.962963,-0.153846,-0.038462,,8317,0.975933223
8332,1,-0.115385,-0.038462,,8332,1.007369358
8337,1,-0.038462,-0.038462,,8337,1.001478233
8352,1.037037,0,-0.038462,,8352,1.037750001
8357,1.037037,0.038462,-0.038462,,8357,1.038462513
8372,1.074074,0.115385,-0.038462,,8372,1.080938472
8377,1.037037,0.153846,0,,8377,1.048386537
8392,1.037037,0.192308,0,,8392,1.054717074
8407,1.074074,0.269231,0,,8407,1.10730316
8409,1.074074,0.269231,0.038462,,8409,1.107970945
8424,1.037037,0.307692,0.038462,,8424,1.082404468
8441,1,0.346154,0.038462,,8441,1.058915444
8442,1,0.346154,0.076923,,8442,1.061008831
8456,1,0.384615,0.076923,,8456,1.074172168
8459,1,0.384615,0.076923,,8459,1.074172168
8474,0.962963,0.384615,0.076923,,8474,1.039780547
8479,0.962963,0.384615,0.076923,,8479,1.039780547
8494,0.962963,0.384615,0.076923,,8494,1.039780547
8499,0.962963,0.384615,0.115385,,8499,1.043331268
8514,0.962963,0.384615,0.115385,,8514,1.043331268
8529,1,0.384615,0.115385,,8529,1.077609575
8530,1,0.346154,0.115385,,8530,1.064488746
8545,1,0.307692,0.115385,,8545,1.05261012
8560,1,0.269231,0.076923,,8560,1.038461593
8561,1,0.230769,0.076923,,8561,1.02916057
8576,1,0.230769,0.076923,,8576,1.02916057
8580,1.037037,0.192308,0.076923,,8580,1.057518442
8595,1.111111,0.153846,0.076923,,8595,1.124345763
8600,1.037037,0.115385,0.076923,,8600,1.046267932
8615,1,0.038462,0.076923,,8615,1.003691423
8630,1,0,0.076923,,8630,1.00295421
8631,1.037037,-0.038462,0.076923,,8631,1.040597046
8646,1,-0.115385,0.076923,,8646,1.009569634
8651,0.962963,-0.153846,0.076923,,8651,0.978204211
8666,0.925926,-0.230769,0.076923,,8666,0.957345516
8671,0.888889,-0.269231,0.076923,,8671,0.931947495
8686,0.851852,-0.307692,0.076923,,8686,0.908979287
8691,0.814815,-0.307692,0.076923,,8691,0.874365484
8706,0.777778,-0.346154,0.076923,,8706,0.854797261
8721,0.814815,-0.346154,0.115385,,8721,0.892782042
8722,0.814815,-0.346154,0.115385,,8722,0.892782042
8737,0.777778,-0.384615,0.115385,,8737,0.875317664
8742,0.777778,-0.346154,0.115385,,8742,0.859112861
8780,0.814815,-0.346154,0.115385,,8780,0.892782042
8782,0.814815,-0.346154,0.153846,,8782,0.898562556
8797,0.814815,-0.346154,0.153846,,8797,0.898562556
8812,0.814815,-0.307692,0.153846,,8812,0.884458276
8814,0.851852,-0.269231,0.153846,,8814,0.906535026
8829,0.888889,-0.230769,0.192308,,8829,0.938275201
8834,0.925926,-0.192308,0.153846,,8834,0.958117903
8850,0.925926,-0.192308,0.192308,,8850,0.965040772
8854,0.962963,-0.115385,0.192308,,8854,0.988733434
8869,0.962963,-0.076923,0.192308,,8869,0.984985916
8874,1,-0.038462,0.230769,,8874,1.027002267
8889,1.037037,0.038462,0.230769,,8889,1.063098959
8904,1.037037,0.076923,0.230769,,8904,1.065184124
8905,1,0.115385,0.230769,,8905,1.032747805
8920,1,0.153846,0.230769,,8920,1.037748969
8925,1,0.153846,0.230769,,8925,1.037748969
8940,1.037037,0.192308,0.230769,,8940,1.079667744
8945,1.037037,0.230769,0.230769,,8945,1.087177263
8960,1,0.230769,0.192308,,8960,1.044144003
8965,0.962963,0.230769,0.192308,,8965,1.00872912
8981,0.962963,0.269231,0.192308,,8981,1.018216793
8985,0.962963,0.269231,0.192308,,8985,1.018216793
9001,1,0.269231,0.192308,,9001,1.053312726
9006,0.962963,0.269231,0.192308,,9006,1.018216793
9021,0.962963,0.269231,0.192308,,9021,1.018216793
9026,1,0.269231,0.192308,,9026,1.053312726
9041,1,0.230769,0.153846,,9041,1.037748969
